id	name	description
37	„Åµ„Åü„Çä„ÅØ„Å™„Åã„Çà„Åó	"A set of images I found on Pixiv, they are drawn by an artist named Furry, yes, really.

You can find his profile here: http://www.pixiv.net/member.php?id=376555"
140	Tails_and_Mom	
200	Jay_Naylor_-_The_Better_Mousetrap	
208	Espeon_and_Pidgeot_(translated)	"By Mikazuki Karasu
Translated by ""MB"" at the AGNPH imageboard (currently defunct).

Original version: https://e621.net/pool/show/982"
233	No_Remorse	
235	Radille,_by_Fred_Perry	"A Final Fantasy XI comic by Fred Perry, featuring characters of his webcomic ""Level-up""."
567	Grown-Up_Wendy	
661	Hangover	
882	I,_Werewolf...?	A man transforms into a Wilford-esque werewolf under a full moon. Created by Black-Rat.
914	MLP:_Time_Off_by_Exploding_Guy	"The ""Time Off"" series of Comics by [[Exploding guy]]"
933	The_Internship_Vol._1	"Volume 1 of The Internship, by {{Jackaloo}}.

h5. The Internship:
* Volumes:
** Volume 1: you are here
** ""Volume 2"":/pools/13890
** ""Volume 3"":/pools/20420
** ""Volume 4"":/pools/32083
* ""Full Series"":/pools/35939
* Side comics:
** ""Summers Gone"":/pools/13092
** ""Falling Flat"":/pools/16422
** ""Winter Blossoms"":/pools/25947
** ""The Gardener"":/pools/29589"
1094	Ask_Princess_Molestia	"Series by John Joseco

http://askprincessmolestia.tumblr.com/"
1113	Kadath_-_Boob_Job	"Colored: pool #17011
"
1169	Gator_Brothers:_Havin'_Fun_with_Ol'_Sis	The Gator Brothers 'playing' with their sister.
1357	[Kondere]tion_(Shirokoma)	"Feral/cub manga

See pool #2139 for the completed version (Japanese)"
1500	MLP:_Deep_Down_Under	
1501	Huskied!	By Aggrobadger.
1535	Squeak_the_Mouse_Part_IV_in:_Magma	
1574	Training_Taylor	
1710	Whorseong_Gulp	A short comic by Shia featuring the World of Warcraft Battleground Warsong Gulch.
1724	Teenluma_the_Dog_Wanderer	Short comic by teenluma.  Contains bestiality.
1847	MLP:_Cider_Showers_	"Comic by ""kyokimute"":http://www.furaffinity.net/user/kyokimute/
Colour comic ""here"":http://e621.net/pool/show/2083"
1848	bursting_whore	Whore gets cum inflated and bursts afterwards.
1928	Dressed_For_The_Occasion	
1962	Some_Good_Time	Featuring Jess and Werefox. By CandyKittyCat.
2255	Too_Much_to_Handle	Sequel to Kadath's A Helping Hand. Enjoy!
2425	Cave_Vore	A border collie is devoured whole by a large dragon in a cave.
2490	Bowser_Comic	Japanese, adult, cub
2569	MLP:_Ponilove_Surprise_Series	A series of images by Ponilove in celebration of Willdrawforfood1's birthday.
2748	Trouble:_The_Final_Chapter	
2755	Margie_Masturbation	"A 3-part series of Margie from Animal Crossing giver herself some ""me time""."
2897	Ask_Amanda_At_Work	
2900	MLP:_Night_Shifts	"Comic by ""Tiarawhy"":tiarawhynot.tumblr.com and ""Dooks."":do0ks.tumblr.com"
2901	A_Captain's_Reward	
2944	The_All_Blue_Affair	
2990	A_Thousand_Years_Since_Yesterday	
2998	Lovers	An original comic from Palcomix.com
3014	Braviary_of_Doooom!	A novice Pokemon trainer is transformed into a Braviary after attempting to capture a Pikachu with one of his homemade Pokeballs. Created by Black-Rat (Keanon Woods) in July-August, 2013.
3083	Gamer_Girl	
3160	Horns_Of_Baphomet_-_by_Tharakaos	
3204	Ask_Scissor_Twilight	"Pool for the funny-but-horrifying ""scissortwilight"":http://askscissortwilight.tumblr.com/ blog drawn by {{iopichio}}."
3263	Werewolf_in_the_Navy	
3278	Artistic_Discipline	"""A little PMDE-related comic about training, dominance, and Sandshrew abuse starring the lovely Master Easel and his students."""
3390	Let's_Pari_Pari	Bowser x Bearmon, gay explicit
3561	How_an_eevee_earns_a_thunderstone	"Commissioned by Level000/Kiba Kurokage, from the artist Candyfoxy, it follows the short journey of an eevee trying to find a thunderstone, getting ""tested"" by a series of eeveelutions before earning the stone."
3789	Furryrevolution:_Greek_Traditions	
3844	Serena_and_Froakie	
3939	Where_a_Popsicle_Can_Lead	Released: Some time before 03-04-2013
4018	Blotch:_Out_of_Position_Series	
4043	Untitled_	http://www.pixiv.net/member_illust.php?mode=medium&illust_id=15323779
4076	Blotch:_Steppe_in_the_Right_Direction_(Sketch_Ver)	comic by Blotch
4081	Eros_(Webcomic)	"A Brand new webcomic that is growing by the month from the artist Fatalfox. Support the comic and wish it a lengthy and popular life, enjoy!

~Blackphantom770

This Tumblr account has now been dedicated to housing Eros comic updates, so while the Hub for my art is now at www.cobaltsnow.squarespace.com I want to utilize Tumblr‚Äôs simple posting and sharing (and community) capabilities to help Eros grow as an independent web comic.

Updates will begin shortly, and will most likely speed up when I have a little more time on my hands. As some of you who pay attention to my more prominent blog will most likely know that I am in the middle of a transition period at the moment (a little hard to explain) the point is that I‚Äôll get a lot more free time on my hands in a short time, and you‚Äôll see a lot more from me ^^

Praise Eros.

-Aleks

http://eroscomic.tumblr.com/archive"
4149	MLP:_KaaxPinkie_Pie_Comic	
4188	The_Resonance	A very nice crossover from maggotscookie's previous works.
4246	A_man_of_valor_is_a_man	
4354	Rokiloki_-_Bukkake_Domination	"Drawn by Rokiloki (r-r-r) on FA. http://www.furaffinity.net/user/r-r-r/
Comic was uploaded on his tumblr. http://laser-request.tumblr.com/"
4476	A_Zippity_Do_Dah_Day	"Drawn by Pulsar.
http://www.furaffinity.net/user/pulsar/
https://www.weasyl.com/~pulsar"
4539	"""Amaterasu's_breast_consultation""_(Okiyo)"	Amerterasu doujin by [[okiyo|Okiyo]], [[kitsnenone|Kitsunenone]]
4671	Kicktyan_-_Greninja_x_Charizard_Comic	Will be updated as more pages are made/colored.
4694	A_Girl_And_Her_Dragon	
4699	Kaittiolu	
4825	Bomb:_M_Sometimes_S	
4827	Lucario's_Public_Examination_by_dogear218	
4856	Softpaw_Oasis	
5008	New_Employee_(Tiger_TF_TG)	6-page comic by Aakashi.
5020	MLP:_Everything_That_Glitters...	
5026	Shea_&_the_Purple_Goo	
5231	Drive_day_is_a_very_dangerous_day	
5263	Let's_Experiment!_(youna)	
10409	Judy_finds_Nick_by_Ahiru621	
14400	Spike_and_Fizzle	"Male/male 
By roy_arashi"
14547	Butt_shots	
5264	|„ÄÄ_ÔΩ§_(o)_,:„ÄÄ__(o)_,„ÄÄ:::|„ÄêÂéüÂûã‚ôÇ‚ôÄÊ≥®ÊÑè„Äë_by_suzumaru	"The first part seems to be a continuation of the story from ""Scratching the Itch"": << https://e621.net/pool/show/986 >>. Original image pool: << http://www.pixiv.net/member_illust.php?mode=manga&illust_id=19369754 >>.

Table of contents
Story with Bulbasaur and Gengar: https://e621.net/post/show/583733
Story with Bulbasaur and Scolipede: https://e621.net/post/show/583752"
5271	Wolf_x_Leon	
5444	Kokoro-chan's_First_Time	
5590	In_the_heat_of_the_moment	
5601	„Åç„ÅÑ„Å°_(Kiichi)_-_First	
5772	ÂπïÈñì„ÅÆÊº´Áîª	
5874	MLP:_Plumptavia	"By Crispy Chris | ""DA"":http://crispychris.deviantart.com/ | ""FA"":http://www.furaffinity.net/user/nekocrispy/ | ""Tumblr"":http://bluebrushnsfw.tumblr.com/ |

""MLP: Derpy Taste Tester"":https://e621.net/pool/show/4494
""MLP: Hamburger Destroyer "":https://e621.net/pool/show/5292
""MLP: False Sense of Security"":https://e621.net/pool/show/5284
MLP: Plumptavia  <---"
5893	Sheepuppy_-_Unnamed_comic	
5909	The_Okapi_Club	
5923	Sky_Brigid_Rain's_Pool	
5997	Alex_and_Gloria:_The_Meeting_Of_Friends	Okay this was lying around here for a while so I might as well have made a pool of this.
6001	Bonnie's_Dream	
6073	Wonder_Bitch	A set of pictures depicting Krypto and Wonder Woman by Shadman.
6507	I_can_be_a_princess	"by [[shane frost]]

[quote]
A Princess has got to eat. Want to donate? Giving me money helps keep me off the streets and from mugging innocent bystanders, robbing me of precious time needed to work on the pages of all my comics.

""I'll love you forever"":https://www.patreon.com/Shane_Frost
[/quote]

""I Can Be A Princess: XXX Edition"":/posts/4382687 ""(IB)"":https://inkbunny.net/s/823784 ""(FA)"":https://www.furaffinity.net/view/16163319/
""Merry Christmas from ICBAP"":https://www.furaffinity.net/view/18610924/"
6546	Good_Pup	
6549	Becoming_a_Legend_[by_Ivanks]	
6647	Breaking_the_Limit	Image series by Inju Otoko
6653	Myotismon's_Way	
6860	porked	
6864	Vaporepillow	
6931	TMNT_comic_by_Markwulfgar	
6959	Zhane_Pig_Barmaid_Anna	Zhane Pig Barmaid Anna
6974	FannyAji's_Pok√©mon_Mystery_Dungeon_comics	Pok√©dan comics made by FannyAji („Åµ„ÅÅ„Å´Âë≥).
7141	Char_Toto_By_insomniacovrlrd	"First page: http://www.furaffinity.net/view/13986290/

Artist page: http://www.furaffinity.net/user/insomniacovrlrd"
7224	claustro_phobia	
7244	In_the_alley	"By {{backlash91}} | ""FA"":http://www.furaffinity.net/gallery/backlash91/"
7359	Equine_Hijinx	
7374	Undertale:_No_Mercy	
7417	Christmas_Spitroast_by_Tokaido	"Drawn by ""Tokaido"":/user/show/62065, commissioned by ""KnivesRazgriz"":http://www.furaffinity.net/user/knivesrazgriz.

Contains the characters of ""Tokaido"":/user/show/62065, ""KnivesRazgriz"":http://www.furaffinity.net/user/knivesrazgriz, and ""NotMeNotYou"":/user/show/17633"
7496	MLP:_D+	
7718	Today_is_better_than_yesterday_by_WhiteLeo	
7736	Scoutin'_[Furronika]	
7778	Valentine's_Day_Comic_by_theboogie	
7939	Poketoy_Magazine_Covers	
8016	Anyway,_I_Want_to_Have_Sex_With_a_Trap_Elf!	
8074	Heavy_Sleeper	
8140	The_Origins_by_Whiteleo	
8295	MLP:_Patreon_Set_07_-_Pinkie_Pie	"By Stradivarius | ""Tumblr"":http://stradivariusclop.tumblr.com/ |

""MLP: Rhapsody 1.1"":https://e621.net/pool/show/3436
""MLP: Rhapsody 2.1"":https://e621.net/pool/show/3717
""MLP: Rhapsody 3.5"":https://e621.net/pool/show/3878
""MLP: Twilight & The White Potion"":https://e621.net/pool/show/3342
""MLP: Patreon Set 01 - Applejack"":https://e621.net/pool/show/7226
""MLP: Patreon Set 02 - Rainbow Dash"":https://e621.net/pool/show/7228
""MLP: Patreon Set 03 - Princess Celestia"":https://e621.net/pool/show/7385
""MLP: Patreon Set 04 - Sunset Shimmer"":https://e621.net/pool/show/7576
""MLP: Patreon Set 05 - Princess Luna"":https://e621.net/pool/show/7789
""MLP: Patreon Set 06 - Maud Pie"":https://e621.net/pool/show/8066
MLP: Patreon Set 07 - Pinkie Pie <--
""MLP: Patreon Set 08 - Marble Pie"":https://e621.net/pool/show/8528
""MLP: Patreon Set 09 - Princess Cadance"":https://e621.net/pool/show/8796
""MLP: Patreon Set 10 - Starlight Glimmer"":https://e621.net/pool/show/9063
""MLP: Patreon Set 11 - Derpy Hooves"":https://e621.net/pool/show/9308
""MLP: Patreon Set 12 - Cream Heart"":https://e621.net/pool/show/9725"
8345	Magic_Cigar_by_Markwulfgar	
8422	Cheese_n'_Sugar	
8501	Bellwether_Blowjob_by_orca	http://www.pixiv.net/member_illust.php?mode=medium&illust_id=56805273
8671	Stage_Fright	"A new [[Dreamkeepers]] comic by [[bbmbbf]], following [[Lilith Calah|Lilith's]] journey in the pole-dancing business with some lesbian fun with the Indigo twins

Next series: pool #10449"
8855	I.D.E.K.A_Prologue	"Artwork done by Cursedmarked 

http://www.furaffinity.net/view/20148943/
Link to the first page "
8865	Nicole's_Relaxing_Day	Comic series by Scrabble007
8925	D_Minus_(by_Shortwings)	
9036	MLP:_A_Change_of_Heart	Comic by [[Burning-Heart-Brony]]
9113	Pok√©mon_Breeding_by_Baraking	
9128	zootopia:_swap	
9171	Tail_Maw_Vore_by_Sakamata	Shoulda seen a pool. Didn't see a pool. Making a pool.
9213	Zootopia_Filth_by_EWS_(colored_by_diavololo)	Uncolored: pool #8197
9306	MLP:_Colt_Quest_Chapter_22	"Art by ""ficficponyfic"":/artists/12662

[section=Chapters]
* ""Chapter 1"":/pools/9040
* ""Chapter 2"":/pools/9047
* ""Chapter 3"":/pools/9048
* ""Chapter 4"":/pools/9056
* ""Chapter 5"":/pools/9057
* ""Chapter 6"":/pools/9061
* ""Chapter 7"":/pools/9151
* ""Chapter 8"":/pools/9159
* ""Chapter 9"":/pools/9164
* ""Chapter 10"":/pools/9170
* ""Chapter 11"":/pools/9179
* ""Chapter 12"":/pools/9189
* ""Chapter 13"":/pools/9192
* ""Chapter 14"":/pools/9214
* ""Chapter 15"":/pools/9219
* ""Chapter 16"":/pools/9226
* ""Chapter 17"":/pools/9235
* ""Chapter 18"":/pools/9240
* ""Chapter 19"":/pools/9259
* ""Chapter 20"":/pools/9270
* ""Chapter 21"":/pools/9289
* Chapter 22
* ""Chapter 23"":/pools/9334
* ""Chapter 24"":/pools/9355
[/section]"
9604	Zootopia:_The_Mark	"https://koraru-san.deviantart.com/gallery/60866623/The-Mark-comic

all chapter"
9611	Okitsune-sama_no_Kyun_Kyun_Youkai_Fushouji_Anken_(Tojyo_and_Various)	Released 8/17/2015
9731	Zootopia:_The_Big_Date_(Jack_&_Skye)	
9951	Fist_Bump	A short comic about the best duo. (Taken from original post).
9953	Alone_time_[comic_YCH]	"Muramuri comic 
Pinup commission for WereFox!
3 pages for comic YCH! "
10175	Sweet_Taste_-_Uma-sen_1_[ENG]	
10227	Drago¬¥s_Birthday	
10281	Snivy_Inflation_-_LongLevy	A Snivy sticks a hose in itself to get that nice, full feeling.
10282	MLP:_Nightguard_Duty_by_RuffyYoshi	
10413	MLP:_Clop_for_a_Cause_2_art_pack	"This entire art pack is non-profit, but you can buy full-resolution pics. Every single penny will go to the Toys for Tots Foundation. More information:

http://clopforacause.tumblr.com/post/154869553137/the-clop-for-a-cause-2-art-pack-is-now-live-this"
10475	Zootopia:_What_Does_the_Fox_Say?_(English_-_Colored_by_Pawtsun)	"Drawn and written by {{bear_hand}}
Colored by {{pawtsun}}

h5. Versions:
* ""Black & White (Untranslated)"":/pools/9209
* ""Black & White (Translated)"":/pools/9665
* Colored by pawtsun (Translated)
* ""Colored by seductivesquid (Translated)"":/pools/24063"
10604	Zootopia_Vore	
10749	Pearl,_The_Gift	This is a four picture series, and has a mostly unchanging background and involves two simple characters.
10817	Scar_&_Serene:_Vulpine_Lovers	A three-part series of Serene and Scar sexing it up with Serene ending up pregnant.
10876	Alicia's_Chance_(Preview)	Preview images of Alicia's Chance.
10893	MLP:_A_Cure_For_The_Queen_by_DigitalDomain123	A comic commissioned by Mixermike622
10940	14_feb	
11038	THE_SPICE_OF_LIFE:_The_Great_Outdoors	"The Great Outdoors is a comic by Houkuko
http://www.furaffinity.net/user/houkuko/

with the characters ""kryn"":https://e621.net/post/index/1/kryn and ""rix"":https://e621.net/post/index/1/rix from the comic ""Greener Grasses"":https://e621.net/pool/show/10993
"
11145	I_Still_Have_No_Name_For_This_Short_Zootopia_Yiff_Comic	
11234	Nahdi's_little_Death	
11348	MLP:_A_Gift_For_Dash	
11395	Space_Monkey_by_hattonslayden	"on a planet covered with massive jungles a lone spaceman conveniently loses his space suit. now he must employ the help of one of the planet's lovely inhabitants to find it.....eventually

http://www.lulu.com/shop/hatton-sla.....-23048581.html"
11569	MLP_comic:lovely_pillow	
11613	Dktorzi:_Farun_Party	A small, unfinished R34 Patreon comic.
11679	Gym_Badges	
11736	MLP:_Disciplinary_Action_by_MoorsheadFalling	Brightshine is coming to the end of his probation at Rich Incorporated when his boss, Spoiled Rich, calls him into her office. What will he have to do to stay at the company?
11760	All_Dirtied_Up	"Image set by {{revolverwing}}

All variations: 
https://www.pixiv.net/member_illust.php?mode=medium&illust_id=63115878 (Censored)
http://imgur.com/a/Rci0g (Uncencored)"
11767	MLP:_Return_To_Power	"By Shdingo | ""DA"":http://shdingo.deviantart.com/ | ""IB"":https://inkbunny.net/shdingo | ""Tumblr"":http://shdingo.tumblr.com/ |

""MLP: Disappearing Act"":https://e621.net/pool/show/4456
""MLP: Full Tour"":https://e621.net/pool/show/5299
""MLP: Pinkamena Double Down"":https://e621.net/pool/show/5300
""MLP: Queen Chrysalis & Pinkie Pie Anal Vore"":https://e621.net/pool/show/5301
MLP: Return To Power <---
""MLP: Wingin' It To Fame"":https://e621.net/pool/show/5298"
11792	Desert_Bloom_by_Bagheera	
11818	Hooligan_by_day,_Slut_by_night	
11828	20_Pictures_of_Clove	
11844	Dogs_being_dogs	
11849	The_Inner_Self_Desire	Commission by Belier from FA for Gillpanda
11862	Legendary_Desires:_Lugia_x_Flygon	"blitzdrachin says:

For this month on patreon, instead of doing an animation, i will be working on a M/M comic :3 (16 pages, including cover and synopsis page).

If you are a +$5 supporter on this month you will be getting it (digital) when i finish this comic. (Estimated finish date is around June 20)

https://www.patreon.com/blitzdrachin




This comic will be published here in a lower res 1 month after i finish it and publish it on patreon. Any complain will be blocked.

Also i want to thanks to totodice1 for writing the script of it



If you dont like patreon, you can preoder it here: https://docs.google.com/forms/d/1_m5epMyD7y9w9TeErdeWDEdgfeR8C213lRDSeOxtJ3A"
11963	LRomStar_-_Geist_growth_sequence	
11998	Gengar_seducing_someone	
12009	10,000_by_Komponi	
12155	Zero_Suit_Swimsuit_Malfunction_01_of_03_(Tails'_Breast_Expansion)_by_snao	
12225	Gregg's_Dance	idk if theres a real name but it's not pooled
12245	MLP:_Royal_Zebradom	By Dragk
12262	Sweet_Mother_Sweet_Queen	
12281	Georgia_Reboots	
12500	Lord_Dominator_by_blenderknight	
12575	„Éü„É•„Éº„Çø„É≥„Éà„Å®Áî∑„ÅÆÂ≠ê_/_The_Boy_and_The_Mutant	
12638	sweet_sting	This pool was automatically generated
12859	Sleepover_by_Fiona	"[quote]Tawney is a caring older sister that really wants her sister to have some friends but knows it's hard for her, so she's organizing this sleepover to try and break the ice. After inviting some girls over phone, she also sends some invitations with Penny to school. Being so shy, Penny doesn't really look around the classroom often and while she does know this other girl, she isn't completely sure where she sits. Obviously, she got the wrong desk. But that doesn't seem to bother Dimitri much :3

This is just the prologue to how this little sleepover is coming to be. I hope y'all are gonna enjoy this new comic ""series"".
[/quote]"
12863	Their_first_time_by_LotusGarden	
12872	Kadath_-_My_Nightly_Tutor	
12998	Scavengers_by_Themefinland	
13034	Surprise_Delivery_by_Kinokoningen	"https://e-hentai.org/g/1134397/e03d4de203/

Translated and colored by GBirkin"
13131	Naughty_Thiccole	Patreon comic made publicly available by the author.
13223	Who_is_Birch?	
13263	Mayonaka_no_Tomodachi_[Hoshino_Fuuta]	A lolicon story about a little girl who being raped by her toys.
13266	warmth_in_the_arctic	This pool was automatically generated
13519	Sam_in_Trouble!	
13599	Automaton_Date_Night_-_honeyboyy	
13613	SugarNutz:_Injured_Reserve	
13621	"""Touch""_by_Danandnite"	
13666	Reimena's_Animal_Hair...thing.	
13688	Julie_(Nezumi)	
13736	Flustered_Fun_Time_by_spunkubus	
13890	The_Internship_Vol._2	"Volume 2 of The Internship, by {{Jackaloo}}.

h5. The Internship:
* Volumes:
** ""Volume 1"":/pools/933
** Volume 2: you are here
** ""Volume 3"":/pools/20420
** ""Volume 4"":/pools/32083
* ""Full Series"":/pools/35939
* Side comics:
** ""Summers Gone"":/pools/13092
** ""Falling Flat"":/pools/16422
** ""Winter Blossoms"":/pools/25947
** ""The Gardener"":/pools/29589

"
13956	Woodland_Encounters	
14129	No_Touchy!	Zeraora x ampharos by Tears_of_Soy
14164	Docu's_Forms	A set of images made by [[Doppel]] showing of the different forms of [[docu_(doppel)|Docu]], a character they created. 
14213	Rubi's_Dragon_Breeding	
14234	The_Witch's_Mansion	
14261	Dragon's_Blood_(by_thatweirdguyjosh)	"a commissioned sequence for DarkHman 
lightning's new armor does an interesting trick"
14305	Cute_Tail_Lil'_Mon:_Date_with_a_Fairy	
14770	Hopps_Gone_Wilde	
14999	Amakuchi_Juuichi_set	
15023	Gadget_(Xylas)	
15103	Astray_01	"The world has changed, humans mysteriously disappeared in an instant what animals refer to as the awakening.

They find themselves evolving and changing in many ways to survive in their new world"
15131	Barney_and_Friends_-_by_dr.bug	
15206	karma's_beach_buddy	This pool was automatically generated
15247	MLP:_Two's_a_Party_by_scuzzyfox	
15319	Hang_in_There,_Piko!	A series of four images by SashXx
15328	donut_stop_eating	by prisonsuit-rabbitman
15476	Nancy_e._devil_dump	features the pics with nancy.
15595	„É©„ÇØ„Ç¨„Ç≠„Ç∑„É™„Éº„Ç∫	
15857	PMD_Tales_from_Silverstar-Town	by {{matemi}}
16101	Liquid_Space_-_By_Foxx	Diver becomes a Shark
16156	Good_Morning_by_hauringu	
16372	BLZKN_1_by_clockfrog	
16387	Limebreaker_-_Nilaia's_Elfy_Ride	
16421	In_the_Heat_of_Winter	A male/male comic by [[CaptainZepto]]
16565	Ahri_&_Xayah's_7_Minutes_in_Heaven	
16612	An_Inexperienced_Guilmon_(Colored_version)	"Time to release 1 page per week :3, you can see the HQ version and the newest pages on my patreon
www.patreon.com/blitzdrachin

h5. Versions
* ""Greyscale Version"":/pools/15403
* Colored Version"
16646	Hot_as_Hell_5:_Risky_Business_-_by_Sheela_&_Cyanide	Porn comic series made by Sheela & Cyanide
16668	Renamon_by_Vaquita_Shoujo	
16843	orgy_comic_by_link2004	
16858	Trying_Everything	
16983	Pokedex_by_RW	Another Rule 34 Pokedex.
16986	Fennekin_schoolgirl_uncensored	"https://twitter.com/iru_ibu2/status/659450173492346880
https://twitter.com/iru_ibu2/status/659450199270518784
https://twitter.com/iru_ibu2"
17098	Sunny,_by_tinyfaceart	
17166	Cock_Dogs	What started as a harmless joke on the Pie farm, resulted in a cultural and culinary revolution for the ponies of Equestria. After a few experiments and reports made their way to Princess Celestia, ponies yearned to try this new form of dong shaped delights. Soon, mare meat was in high demand across the land (and in pony's dreams) which led to the establishment of Equestria's breeding program for futa mares that had already donated their bits to somepony's stomach.
17227	Tigress_in_Heat_Page_by_SacrificAbominat	"I'm seeing if I can do comics a bit more frequently. This and the couple of pages I've done so far didn't take too long, 3 to 4 days to complete, so maybe you be seeing comics much more frequently from me in the future.

Master Tigress, Po and Kung Fu Panda belong to Dreamworks.

If you'd like to support me I'd really appreciate it if you would buy me a coffee. I'll be seeing about alternatives to Patreon in the future, since I'm not interested in doing business with them anymore, as well, but for now Ko-fi is all I've got in terms of donations.
Ko-fi Ko-fi https://ko-fi.com/sacrificabominat

Also send me a note if you are interested in commissioning me. My prices are on my profile page, and I'll be setting up prices for Comics in the future as well."
17550	twelve_pages_of_Sonadow	"by {{nowykowski7}}
https://inkbunny.net/submissionsviewall.php?rid=ec9fd59b08&mode=pool&pool_id=56179&page=1&orderby=pool_order&random=no&success="
17607	Teddy_Pleasure	comic created by sl350
17615	It_pays_well	
17648	Father's_Day_2019,_by_Jorge-the-Wolfdog	
17669	Lab_Misconduct	
17917	strange_new_feelings	This pool was automatically generated
18055	Tom_And_Cleo	Features [[Amy Lawrence]] and [[Tom Sawyer]] from the 2000 film, and [[Cleo Catillac]].
18164	Lovely_Climb	
18165	MLP:_Mare_of_Your_Dreams_(silentpassion)	
18193	Snapping_Pics_[Nude_Beach]_-_by_catsudon	"Little dude was just taking public transit to his classes, but little did he know... it was a good day to go to the nude beach üèñ 

h5. Chapters:
* Snapping Pics [Nude Beach]
* ""It's a Good Day to Go to the Nude Beach"":/pools/19414
* ""It's a Good Day to Attend University"":/pools/22486
* ""Hyouza Goes to the Nude Beach Actually"":/pools/39039"
18329	Exodite_&_Graffix_rapes_RD	"was at a new years party with   fishyboner and Exodite dragon
and decided to draw several pics of them raping me and stuff *blushes* >.=.>"
18347	Experiment_Growth_Series_by_maxpany	"A series of [[macro]] [[growth]] drawings by [[maxpany]] involving the ""Mid-Six-Two"" [[Experiment (Lilo and Stitch)|experiments]] ([[Angel (Lilo and Stitch)|Angel]], [[Reuben (Lilo and Stitch)|Reuben]], and [[Stitch (Lilo and Stitch)|Stitch]]) being tested on by a group of scientists, who give the experiments chemical solutions that cause them to grow.

This is meant to be a hypothetical prologue to the ""Experimentember"" series of macro growth drawings of experiments (both canonical and [[fan character|fanon]]) by [[DylBun]] (pool #18358) and [[Tyrnn]] (pool #18359)."
18428	On_the_Road	The old boar picked up the stranger in the middle of the night.
18448	Amy_x_Bandi	
18479	Lil'_Amy_in:_Visiting...	
18832	Shikaro_-_Corruption	
19200	Silver_Soul_-_2019_Christmas_Pinups	"Count down the holidays with us this year, with a new picture each day featuring some of the comic cast, comic affiliates, and friends of the comic!

Some pinups will not be posted to e6, and can be found at the links below:

December 19th: Sir Gallade - https://www.furaffinity.net/view/34282326/

December 22nd: Sergen - http://www.furaffinity.net/view/34317739/

December 23rd: Meagan - http://www.furaffinity.net/view/34331693/

December 24th: Finn - http://www.furaffinity.net/view/34336984/"
19250	Give_Me_a_Paw_Zoohomme	Read each column vertically. 
19263	Off_Duty	Comic series written and drawn by smallsavant
19265	MLP:_A_Happy_Nightmare_Night_by_Syoee_b	
19413	Just_being_guys_(colorized)_by_megawolf77_&_slavedog554	
19447	Sea_food_dinner_-_by_Boxgoat	".
.
h2.This comic contains Vore.

From source:

[quote]Decided to show off my new look to my boyfriend[/quote]"
19555	Haida_is_over_it_-_by_stiliano	
19602	Arcade_Lewds_by_bluecoffeedog	
19605	Kass'_Downtime_-_Part_2	"* ""Part 1"":/pools/14898
* Part 2"
19615	"Sally's_""Hips-On""_Guide_to_birds_and_the_bees"	https://twitter.com/FakeryWay/status/1223406974135623681
19787	Krystal_&_Trish's_Completely_Non-canonical_Super_Rule34_Adventure	
19870	Rabu_Pignite_sketches	
19891	Ghost_Hands	This should be a set not a pool.
20063	Dulcita_The_Coconut_Pralin√©	First batch of artworks of the character [[Dulcita]] by [[ZnHc]]
20084	2000_followers_commemorative_picture:_Zoroa's_Monster_Skin_(TF)_(by_raaggu)	
20221	Beg_by_son2j	
20334	Julia's_Gut_Buster	Julia accumulates then releases a massive amount of cum.
20353	Presence_Scientific_GmbH_tools	Various fun devices
20413	Comic_for_Fox_XD	
20556	Cream_the_Magical_Girl_vs_the_tentacle_moster	"A GIANT TENTACLE MONSTER APPEARS!
Can Cream the Magical Girl save the day?
"
20564	Secret_in_the_attic_(by_Lunate)	
20579	Terminus_-_Kalnareff	
20593	Silver_Soul_Volume_2_bonus_pages	Full series: pool #11563
20683	Fuck_Tales	
20748	Zookeeper_to_Eleherm	
20959	Cringe_Comic	Comic series that are just random slice of life stuff about my OCs
21024	Dragon_Dating	One of the older stories I posted on my patreon a while back! -Lunate
21230	Midnight_Training	
21246	Kano's_Sheathed_Season	"This is a group of pictures connected by a route story linked at the sources.

This was the finale of a 30 day Sheathed Season (Not nut November challenge) for Kano the Growlithe and Shabu the Vulpix.

There were various journal entries and these images are all part of the orgy that happened at the very end~

the main story for this can be found here: https://www.furaffinity.net/view/34151167/

Each piece also has a short story of their group at the sources given.
"
21328	Happy_End	
21376	Remodelling_(elektr0)	
21536	Mufasa_and_Simba_by_Modem_Redpill	
21558	Commission35_(by_Corin)	
21612	Stellar_x_Sunburst!_by_UniE	
21691	Roz_Ruins.	
21731	Entity	"Comic project drawn by abluedeer with writing by lei-lani.
Originally commissioned by Artica and teckly, also featuring firefoxinc and scarlettv along with some cameo appearances from others sprinkled in."
21957	Sensual_Stripper_Swelling	the Swelling of a Sensual Stripper
21978	„Åµ„Åü„Å™„Çä„Ç¶„ÉûTF_(by_semiitu)	
22009	bohakntara_(by_Naga)	
22325	Type_disadvantage_by_evilymasterful	
22363	I've_been_thinking_the_same_thing_all_day_by_Chromamancer	
22400	Celestial_Bodies:_A_Lycan's_Lunar_Love	"Comic created with artwork by DarkChbiShadow, commissioned by El_Tigre.

The story of a lonely werewolf who loves the moon, and the moon that pays him a vist."
22401	The_Visitor	
22431	Family_Inflation_the_Comic	
22457	Diz's_Bandana	
22479	VDay_Special_-_Wanting_more	
22519	Helltaker_-_Good_Girl	"by {{Vanripper}}

h5. Helltaker Official Comics:
* See [[Helltaker]]"
22595	Five_Fucks_At_Freddy's_Remake	
22681	Buizel_Comic_[ongoing..]_-_by_Dreiker	"Hello guys i just finished the first 2 pages! Now i know that drawing a comic is a work that takes much time and dedication but  slowly i'll mange to finish it >:D I WILL PERSIST! 

I hope you like it and i'd be glad to know what you think about it ^u^ 
next page: https://www.furaffinity.net/view/36733591/ 

If you like my work and this comic please consider on supposrting me on patreon starting from 2$ ! 
https://www.patreon.com/Dreiker
"
23176	Insomni_comic	
23207	Wanted:_Dead_or_Alive	A comic by Snivybatt and HocolateMilk
23238	Kinako_and_Her_Toys	
23484	Wolfery_Fursuit_TF	
23619	Rofl_x_charizard	
23683	Private_Lessons_by_Sketchybug	Comic commission for crimson_crash, featuring his polar bear professor, Anja, putting the moves on Will.
23707	Kamuri_x_Mr._Mephit	
23749	Miles'_Morals	
23801	Petty_the_Platypet_by_not_a_furfag	
23827	Hamster_&_Bull	
23882	Ratatooey's_Human_‚ôÇ_√ó_Eeveelutions_‚ôÄ	"A collection of art made by ""Ratatooey"":https://www.furaffinity.net/user/ratatooey/, featuring a male human and [[anthrofied]] female Eeveelutions."
23957	Beauteous_(by_reishuseyu)	
23993	MLP:_Thorax_and_Spike_have_a_private_moment_in_the_forest~_By_UniE	"Thorax and Spike have a private moment in the forest~

I ship these two so hard <3"
24045	Octavia_and_Stolas_Bonding_Time	
24184	Centaur_Series_by_bikupan	
24265	B2_x_F2_(by_keidragons)	
24288	Cub_pregnancy_timelines	Cub pregnancy comics by r3drunner.
24303	Nooking_-_Frumples	
24341	June_the_dragon_comic_by_pencil_bolt	
24422	Fighting_the_Unknown_Issue_1	
24474	Breeding_with_an_large_Absol_[Megane_Inu]	
24511	Patreon_Pinups:_Milla_Basset_by_BigDon1992	
24512	Natalie's_Special_Surprise_(nimzy)	
24608	[Sample]_Kemo_Gal_ni_Aisarete_Moto_no_Sekai_ni_Kaerenai	"The full version is sell on:
[alice-books] https://alice-books.com/item/show/4674-15
[Booth] https://ziroro326.booth.pm/items/1654043"
24768	Lewd_Rabbit_-_Amashun	
24844	Jay_&_Anon_(Sqoon)	
24962	She_Came_From_Outerspace!	
25064	Kay_(lightspirit)_commission_by_lc79510455	
25128	There_Is_Natsumi_Memori_(kaeritai07)	
25150	Fallen_Dragon	"Commission for ""fakeman1"":https://www.furaffinity.net/user/fakeman1
"
25349	Pumped:_Reboot!_by_Mosin	"An adult ""reboot"" of the 1998 episode of [i][[Catdog]][/i] of the same title. Created by [[Mosin]]. "
25376	Vaporeon's_hunger_by_ploufpuff	
25590	My_Mate_-_Chapter_4	"By ""Geminisaint"":http://www.furaffinity.net/user/geminisaint/

h5. Chapters:
* ""Complete Collection"":/pools/12127
* ""Chapter 1"":/pools/6960
* ""Chapter 2"":/pools/12656
* ""Chapter 3"":/pools/19238
* Chapter 4"
25732	ariannafray_pr_-_An_offer_you_can't_refuse	
25875	Bramble's_Camera	6 pages & an extra.
26090	Let's_Hang_Out_(Artist:Phenya)	
26169	Cheating_Reese_(tanuk_kun)	
26260	A_Night_Between_Birds	"{{Gyro Feather}} has a little fun with {{Lief Woodcock}} and teases them into his gullet.

Contains pellet disposal.

Art is by {{charlyhorse}}"
26279	Stuck_in_a_Sock	"{{Der}} got trapped in {Gyro Feather}}'s sock...and now is trapped as the bird walks.

Arts by {{Greiser}}"
26429	Just_Another_Day_Chapter_2_by_The_Hades	Sequel to Just Another Day https://e621.net/pools/20778
26491	Shiitake	
26523	The_Captain_and_his_assistant_(dreyk-daro)	
26723	Rough_Arcanine_by_NaruseWolf	
26754	Unnamed_dragon_comic_by_sassycat531	
30936	"""How_a_Name_was_Given""_by_Geno28"	Part of a short origin story, Xiao Niao encounters a gruff Rito warrior who decides to sit down with the youngling for a bit, during which Xiao Niao gets his Western Name
31048	sijimmy456_-_Exposure_freak	
31137	miss_jenine_Comic_by_Tozamtr	
26765	Pet_Furry_short_Ep.10_Train_by_Wherewolf	"Let's train!
--
Fanbox : https://wherewolf.fanbox.cc/
SubscribeStar : https://subscribestar.adult/wherewolf
List:
""Episode 1"":/pools/40018
""Episode 2"":/pools/26382
""Episode 3"":/pools/40020
""Episode 4"":/pools/24967
""Episode 5"":/pools/25199
""Episode 6"":/pools/26381
""Episode 7"":/pools/25497
""Episode 8"":/pools/26378
""Episode 9"":/pools/26379
Episode 10
""Episode 11"":/pools/28711
""Episode 12"":/pools/29264
""Episode 13"":/pools/29697
""Episode 14"":/pools/30295
""Episode 15"":/pools/31067
""Episode 16"":/pools/33498
""Episode 17"":/pools/40022
""Episode 18"":/pools/40024
""Episode 19"":/pools/40023
""Episode 20"":/pools/39680
""Episode 21"":/pools/39990

""Christmas 2021"":/pools/26796
""Christmas 2023"":/pools/38893"
26853	Vivian_from_Bloodline_secret_santa_set	30 picture image set of Vivian from the Webcomic Bloodline created by W0lfmare, art by Damn Lasso Tool 
26908	Zorua_x_Vaporeon_by_rettub_bear	
26930	Twin_Times_Two_-_by_aogami	"<Jenny> We ended up meeting the twins, Shiro and Kiba through friends. They're pretty cool, and after talking with them for a while they invited us over for an afternoon together.

<Lee> Don't know how it happened, but while watching TV, Shiro and I ended up naked, while Kiba and Jenny wore our stuff. >_>

<Jenny> *Giggles* After watching TV some, Kiba had the idea of playing together. She grabbed Lee and left me with Shiro. Shiro liked it when I started to ride on him. ^//^

<Lee> I was a bit surprised at Kiba taking me off to her room, but she said that they like to play with their friends, just like we did. >//<;

<Jenny> We got Shiro to agree to getting sandwiched between Lee and I. *Giggles*

<Lee> *Nods* Yeah, he wasn't too trilled about it, but he ended up liking it in the end. After that, he had me taking Kiba again while he had her suck him off. Payback I think. X//3
"
26979	In_the_Library	A series drawn by Ticl. Characters by allesok.
27082	Legend_of_Ahya_-_Kyra_and_Murana	
27221	Fox_in_quicksand_by_Arilace	
27329	Isabelle's_Breakfast	Twitter source: https://twitter.com/pompuffy/status/1068980991371276288
27336	Outcast_Harpy_Becomes_a_Most_Desired_Wife?!	"Outcast Harpy short entry by ShriekingMagpie!

If you would like to support my work, please consider checking out my SubscribeStar!
https://subscribestar.adult/shriekingmagpie"
27432	Temptations/Maintaining_Relations	Originally drawn by Zerofox1000 in 2022.
27580	Treat_for_Zangoose	
27602	Ribbon_-_a_Deltarune_Christmas_Comic	"By Deceased Bunny
""Twitter Link"":https://twitter.com/Deceased_Bunny/status/1474043593593692166?cxt=HHwWjIC9udW17fQoAAAA"
27628	Ran_to_Houseki	
27657	Vacation_Time	3D Render Sequence by Shawoo, Commissioned by Certified_GSD
27782	Chapter_14_-_A_Prelude_to_Potatoes	
27801	Shark_TFTG_-_Yuhokyattya	
27972	Flygon_Tf_Commission_by_DinoDoggo	
27988	The_Fumei_Clan	
28051	Umbreon_x_Sylveon_by_fermusieboir4	
28056	Jurassic_Breach	Seems that our little protagonist is in a bit of trouble, but it won't end as he thinks...!¬†>:)
28206	Glaceon_Tease_by_Noitro	
28301	Crossover_County_-_Better_than_an_Autograph_by_Zummeng	A new short comic by Zummeng.
28311	"Adding_to_the_""Family"""	Sara looks for a new pet to add to her household
28351	Tilitea's_Valentine's_Day	Comic by https://twitter.com/HueGirl19/
28417	Whatcha'_reading?	
28460	Linkling_by_Agal1502	
28540	„Ç™„É´„Ç´È¢®„Éê„É´„Éº„É≥„Éâ„É©„Ç¥„É≥TF_(by_tagumi)	
28574	Strange_Meeting	Kuruk and Anteya meet some strange people
28581	Lost_and_Found_by_Babystar	Patreon reward for Furaffinity user Jowgenetsu
28592	Table_For_Three:_Remix_by_roanoak	"Remaster of ""Table for Three."":/pools/3110"
28677	Cult-y_Comic_-_UncleCucky	"A cult-y comic commission for ""@Fr0gv0re"":https://twitter.com/Fr0gv0re !
"
28786	The_Bad_Guys_Lupin_III_Redraws	"By Blair Lawrence 
https://twitter.com/Unseriousguy"
28807	Gotta_Get_Fat!_by_Prisonsuit-rabbitman	Weight gain comic of [[sonic_the_hedgehog|Sonic]] by [[prisonsuit-rabbitman]] for [[Addylad]]
29044	Archery_lessons_by_rosycoyote	
29136	Logan_Kincade_unbirth_livestream	"[quote]
(CW: #unbirth, #vore, #gooey #digestion, #excessivecum, #bondage)

üíú The juiciest livestream~üí¶

Full UB sequence for @LoganKincade6, feat. Cass!

Thank you again for your support üíã

#furry #furryart
[/quote]

Parts three and four not submitted yet, view them on Twitter: https://twitter.com/BigBurrBailey/status/1534594441704574976/photo/3"
29157	Caught_Huche_by_Magyo6	
29164	Druids_-_First_Flight	"A new side comic featuring Kinar and Anders.

Created by ""Amocin"":https://www.furaffinity.net/user/amocin/
Creator Patreon Page: ""M/F"":https://www.patreon.com/amocin , ""M/M"":https://www.patreon.com/male_male_art_by_amocin"
29173	Kin_Zantetsukin_and_Boss	
29479	Coco_Bandicoot:_PORKED_by_escopeto	
29516	The_Beach_Episodes_-_by_Katnay	
29543	Hornet_Horny_Day_Part1	It seem like some one cant hold it in on her day any more
29802	Guilty_Pleasure_(moonabel)	"Seravyn and Ivirius are roomates, but they never seem to make their relationship official. One afternoon, Seravyn opens the door to Ivirius' room, not expecting to find something... unusual. 
I wonder what will happen next."
29880	Dragon_Tamer_(ziffir)	
29910	What_If	It's just how I imagine of an AU of Pok√©mon Scarlet and Violet where the canon story don't even come out yet! XD
29991	MLP_-_The_Lost_Sun_by_Lummh	
30087	Treacherous_Treasures	
30102	Dangaroo_Magic_Underwear_Growth	"Dangaroo (by ""FurryFan"":https://www.furaffinity.net/user/furryfan1234/) found himself some magic underwear that made him grow. Series was drawn by {{dissimulated}}."
30186	Endurance_Test_(Duckhere)	
30386	Star`s_big_stud	
30400	Dog_Knight_RPG_üê∂_Rory:_Local_Dagger_Enthusiast	"by {{Ceehaz}}

h5. Dog Knight RPG Pools:
* See [[Dog Knight RPG]]"
30433	Ëàü_Âß¨_‰æÆ_Ëæ±	
30437	WARNING:_Cream_Filled_-_Episode_4	"A weight gain comic by Viro Veteruscy.

Episode List
------------
""[b]Episode 1[/b]"":/pools/28911
""[b]Episode 2[/b]"":/pools/29145
""[b]Episode 3[/b]"":/pools/29239
[b]Episode 4[/b]"
30478	Âà´‰π±ÂêÉÁ∫¶Âæ∑Â∞îÁöÑËòëËèáÔºÅ_(ff_glu)	
30578	cookie's_cv_adventure	cock vore comic
30614	Noelle_and_Kris_(mehdrawings)	
30637	Quests_by_Djayo	A collection in which very spicy quests and duties are fulfilled.
30754	Zan_x_Zoroark	
30870	Roxanne's_Wet_Dream	
31132	(Succubus)_Unikitty_meets_(Succubus)_Felicity	A Succubus that has take on the form of Unikitty decides to meet Felicity for the first time, thinking she's roleplaying like her.
31196	Garage_Chemistry	"by {{foxinuhhbox}}

Follow a young fox couple as they explore the wonderful world of science"
31255	Solar_House_Origins:_Uranus	
31279	Desparate_Pooping_by_Unoroute	
31286	Rio_v_NNN	Rio takes on No Nut November 2022!
31345	Nudist_Beach_by_Pichetlepichet	
31437	Thriller_Nights	"Commission for ""Kora"":https://www.furaffinity.net/user/kora

Late at night in the middle of the woods, a mother and her daughter's carriage has broken down after a long venture from town. Abandoning the carriage used to transport their goods, the two start making their way on foot. As the two continued down the dark path, they couldn't help but feel they were being watched. Even though the moonlight lit their path, it was almost impossible to see passed the fringes of the road. After a while, the two grew tired from their trek, but took solace in knowing they were not far from their farm. A loud reverberating howl echoed from the woods, and suddenly, a massive figure charged at the two. The daughter ran, taking refuge behind a tree, and looked back to find the beast had pinned her mother. The moonlight continued to shine down on the struggle taking place on the road, illuminating a large wolf like beast with two heads ripping the middle aged woman's clothes from her generously proportioned body. The two headed beast was panting with need, their large member both erect and oozing cum while the woman shrieked and clamored."
31534	Wolf_Link_x_Wolfyportal_-_windwttom	
31676	Bukkake_-_xienoan	
31776	Knoty_3D_TF	
31833	Nightclub_Behavior_by_Glowfox	7-page comic for Damaron and DonutDobie by Glowfox
32025	Ralsei_Pumpkin_Patch_(johnmarten)	
32157	NNN_collection	commission collection by  ~IcarusSkyhawk
32208	PokeMoms	"A collection of moms from the Pokemon Series

NOTE FROM ""Hunter 495"":https://e621.net/users/522819 (Not the one who made this pool, that's ""Ash42"":https://e621.net/users/643681) You'd probably want to use a set to make this rather than a pool, as a pool shows up at the top of a page, anyone can edit it, and is more for comics/mangas or sequences, and a set is more of a personal collection, which while still public, can't be seen from a post (aside from a list of sets in the bottom left (or very bottom on mobile)) can't be seen, and can only be edited if someone makes an invite for you.
I'm not a mod btw (told you here rather than your profile because I thought you'd be more likely to see it here.)
(Feel free to delete this bit once you've read it, possibly alongside the pool) (I have made too many edits to this desc...)"
32381	elf_gynomorph_needle_injections_by_jackash	A series of images where an elf...[[male]]? [[gynomorph]]? is strapped to a chair by a bunch of goblins and their breasts and testicles are injected with cummie juice. Features [[hypodermic_needle]], [[cock_and_ball_torture]], and [[hands-free]].
32410	Happily_Ever_After_by_Jackofak	
32412	diantha/feral_pokemon_by_habatakuhituji	Series of image edits where [[diantha_(pokemon)]] [[presenting|presents]] in the middle of a field somewhere and is surprised that somebody notices. Features [[male/female]], [[female_on_feral]], [[vaginal_penetration]], and [[anal_penetration]].
32448	"""Secret_of_the_Desert""_by_Okithau"	
32589	Fae's_Blessing_by_virmir	
32707	Wanda's_Welcoming_Gift_by_Noctoc	Commissioned by Darkwell21
32742	Helping_Hand_-_sindenbock	
32780	Reading_lessons_(by_DocFurPanic)	"[i](Script and Story by Prince_Borgon)[/i]

One of the many things that make Prince Borgon an eccentric ruler is the fact that, contrary to all common logic, the outer walls gate looks usually open during the night.

Obviously at the same time the gates and the doors of the castle are all well closed,
but with the right equipment it's possible to climb one of the red sandstone walls and access the interior easily.

There are those who would consider this conduct a defense defect, but for the Prince of Valmeridia it's pure and simple courtesy.
He knows how important it is for his subjects to be able to count on his presence night and day.

And on the other hand, if the thieves knew of the existence of a certaom vigilant guardian, who watches over the prince day and night,
they would probably be careful not to even think of being able to enter the castle undisturbed and steal something precious under his mustache.

Still, there's one creature in particular that just doesn't seem to be learning its lesson.


Skaarly the kobold is on his fifth attempt this month.
He now knows almost every access route to the castle, through windows, spiers and even some secret passages.
He's got it into his head that castle della Verbena hides a great secret, made up of mountains of gold, precious jewels and priceless relics.

He comes from the wild lands of the north, although he must have recently moved permanently among the trees of the great forest of Valmeridia, judging by the frequency of his attacks.


Until now, none of his attempts have ever resulted in anything good.
He was always discovered pretty easily, and accompanied to the door or invited to stay by the good prince.

That night, in particular, while Borgon is intent on spending one of the many endless nights at the castle, a clang of metal echoes through the corridors of the castle.
Sir Cordiale had previously warned the prince of the unexpected guest, and had proposed this time to send him away in a bad way.


But, as we know, Borgon really doesn't like the use of violence, even when it's lawful.
And so, very calmly, he in turn makes his way through the corridors, ready to do ""Olly olly oxen free"" to the little thief caught in the act.

Skaarly soon finds himself with no way out, and unafraid of the prince mumbles something about his nature as an evil lord.


But the dragon is not intimidated at all, rather he is perplexed by Skaarly's words.
And so, the kobold can't even read the signs that warn visitors to behave themselves at the castle?

This is definitely an important matter, one that Borgon wants to resolve immediately.
And since Skaarly is still there and the night is long,
who knows if the prince can't improvise himself as a teacher and give the little kobold thief some [b]special[/b] reading lessons?"
32825	Family_Bonds_(By_Spud-Arts)	
32843	Darkstalker‚Äôs_alternative_ending_by_shido-tara	
32892	Snake‚Äôs_lunch_by_Rica431	
32928	Tony_X_Bridget:_American_Love	
32941	Nestle_Crunch_Goo-chan	by {{razy}}
32943	The_Return_of_the_Weredragon	
33013	Corey_and_Dammy	
33055	Morning_Wood_Comic	
33120	Lessons	
33528	Sandy_Manray_NSFW_Continuation	"""Sandy Manray SFW Comic"":/pools/33216

By {{b-intend}}"
33546	Beerus's_sense_of_Smell_-_Spiritd	
33552	Electrotherapy_Time	Plusle & Minuns By Mr.Smile
33618	Tales_Of_Union_City	Ongoing comic by Grolarbearsins oficial released pages + comic misc
33679	Theron_and_the_Minotaur	
33756	On_Borrowed_Time_-_Chapter_6	"[quote]The expedition is coming quick, and Team Maelstrom is trying their best to keep up with the pace. But even within the prestigious guild lies a few bad apples... While on a mission to restore the guild's food supply, the team takes on a new mentor, and struggle with deciding who they're able to trust and who will spoil the batch.[/quote]
Prologue / Main Pool: pool #32663"
33843	Krystal_promotional_renders(Star_Fox_Assault)	
33845	Luna	"https://www.artstation.com/ariirf/albums/558281

Personal project of {{ari_ibarra}} featuring elements of Mexican and nearby mythology. May eventually turn into a collection of illustrated stories."
33891	„ÄêMANGA„ÄëPMD:_ICMA_#9_NEVER_GIVE_UP	"[quote][b]„ÄêÊº´Áîª„Äë„Éù„Ç±„ÉÄ„É≥ICMA #9[/b]
„Åä„Åæ„Åü„Åõ„Åó„Åæ„Åó„Åü„ÄÇ
„É™„É´„ÅÆÊåëÊà¶„Çí„ÄÅ„Åù„ÅÆÂßø„Çí„ÄÅË¶ãÂ±ä„Åë„Å¶„ÅÇ„Åí„Å¶„Åè„Å†„Åï„ÅÑ„ÄÇ

„Éù„Ç±„É¢„É≥„ÅÆ‰∫åÊ¨°Ââµ‰Ωú„Éû„É≥„Ç¨„Åß„Åô„ÄÇ
„Éù„Ç±„É¢„É≥„Åå„Åó„ÇÉ„Åπ„Çã‰∏ñÁïå„ÅÆ„ÅäË©±„Åß„Åô„ÄÇ
Êú¨ÂÆ∂„Éù„Ç±„ÉÄ„É≥„Ç∑„É™„Éº„Ç∫„Å®„ÅÆÈñ¢‰øÇÊÄß„ÅØ„ÅÇ„Çä„Åæ„Åõ„Çì„ÄÇ
Â§öÂ∞ëÈÅéÊøÄ„Å™ÂÜÖÂÆπ„ÇíÂê´„Åø„Åæ„Åô„Åå„ÄÅ„Åù„Çå„Çâ„ÇíÂä©Èï∑„Åô„Çã„ÇÇ„ÅÆ„Åß„ÅØ„ÅÇ„Çä„Åæ„Åõ„Çì„ÄÇ[/quote]
[Manga] PMD ICMA #9
Sorry to keep you waiting.
Please enjoy watching Lir's challenge, and his form.

This is a manga based on Pokemon.
It is a story about a world where Pokemon can talk.
There is no relationship with the original PMD series.
It contains some extreme contents, but does not promote them.

[section,expanded=Pokemon Mystery Dungeon: ICMA Series]
""PMD: ICMA #1"":/pools/20782
""PMD: ICMA #2"":/pools/20873
""PMD: ICMA #3"":/pools/20887
""PMD: ICMA #4"":/pools/25954
""PMD: ICMA #5"":/pools/25978
""PMD: ICMA #6"":/pools/26125
""PMD: ICMA #7"":/pools/26375
""PMD: ICMA #8"":/pools/26443
[b]PMD: ICMA #9[/b]
[/section]"
33936	my_sister_is_a_wolf_by_myoniis	Warning: This is a wholesome comic. No sex in here!
34132	Just_BFF_thing_by_Blackclown	A story I created about how Bert and Bruce spend their evening time together!
37308	You_Can_Just_Ask_by_Coffeefly_and_Gingy_K_Fox	A collab comic by Coffeefly and Gingy K Fox, featuring Juniper (coffeefly) and Gingy (Gingy K Fox)
37482	Andras_Little_Game!	"Andras seduces a big shark and convinces him to play a game involving condoms and resistance!

FA Folder: https://www.furaffinity.net/gallery/khayen/folder/1344829/Andras-Little-Game/"
34234	"dipingxiangtr.D's_""Games_Carnival"""	"This pool is a collection of {{dipingxiangtr.d}}'s sketches with carnival games where winning causes the death or severe injury of the victim.

The last post in this collection was posted on August 3, 2018, so this is considered inactive, however, if he posts more in this category, this pool will be updated accordingly.


H3. Ring Toss Game
[table]
  [thead]
    [tr]
      [th] commission: games carnival hanging 1 [/th]
      [th] commission: games carnival hanging 2 [/th]
      [th] commission: games carnival hanging 3 [/th]
    [/tr]
  [/thead]
  [tbody]
    [tr]
      [td] thumb #4052119 [/td]
      [td] thumb #4052120 [/td]
      [td] thumb #4052121 [/td]
    [/tr]
  [/tbody]
[/table]

H3. Shooting Gallery Game
[table]
  [thead]
    [tr]
      [th] commission: games carnival Ôºàshooting gameÔºâ [/th]
    [/tr]
  [/thead]
  [tbody]
    [tr]
      [td] thumb #4052122 [/td]
    [/tr]
  [/tbody]
[/table]

H3. Horse Racing Game
[table]
  [thead]
    [tr]
      [th] commission: games carnival ÔºàHorse racing gameÔºâ1 [/th]
      [th] commission: games carnival ÔºàHorse racing gameÔºâ2 [/th]
    [/tr]
  [/thead]
  [tbody]
    [tr]
      [td] thumb #4052123 [/td]
      [td] thumb #4052124 [/td]
    [/tr]
  [/tbody]
[/table]

H3. Tub Toss Game
[table]
  [thead]
    [tr]
      [th] commission: games carnival (UndecidedÔºâ[/th]
      [th] commission: games carnival 2 [/th]
    [/tr]
  [/thead]
  [tbody]
    [tr]
      [td] thumb #4052125 [/td]
      [td] thumb #4052126 [/td]
    [/tr]
  [/tbody]
[/table]"
34366	View_From_the_Bottom:_Wheel	"This was previously on their substar, but they took down the substar.

Uploaded with permission."
34399	Grand_Galloping_Orgy_(bear213)	
34402	MLP:_B-Day_Pony_Pack	"https://clopmaestroman.itch.io/b-day-pony-pack
https://twitter.com/Cl0pMaestroMan/status/1629197331412275201"
34433	Mi_Fa_So_La_Mimi!	Art featuring characters from Stray Moth‚Äôs Mi Fa So La Mimi! series.
34529	Swallow_my_dominance_by_sunshiu	
34533	Caxy_Creations_Pride_Series_2023_(NSFW)	All of my NSFW artwork related to Pride Month 2023! Will be updated as new pieces are added. ^-^
34541	MLP:_Countess_Coloratura_and_her_daughters'_Farewell_Tour_By_Anonymous_Artist_and_Whitekitten	
34622	Secretary_Lilo	
34665	Rookie_Mistakes_by_Whimsical_Squirrel	"It's the traditional Mating Season Chase again, as our narrator chronicles a particularly challenging day in which she was tasked with leading three rookie runners to victory over the boys. Will she succeed?

No. Because it's porn."
34696	Using_The_Litterbox	"‚ÄúUsing The Litterbox‚Äù (by: Wolfram_Sparks)
https://fluffy-community.com/t/using-the-litterbox-by-wolfram-sparks/47447"
34718	Trainer_Carter_was_captured!	"[i]From ""lapraslunch's Eka's Portal:"":https://aryion.com/g4/view/895515 [/i]
[quote]A multipart sequence born from a collaboration between myself and : FoxyCarter: . Honestly, I can't even begin to describe how honored and happy I was for Carter to approach me for this~ To not only be noticed, but even asked to work on getting art together by someone as popular as him was a dream come true~ :D <3 Not to mention just how much fun it was talking and coming up with ideas together~ And while it did take a very long time to see this idea to fruition, Carter was incredibly polite and patient the whole way through, not to mention a truly wonderful companion to just chat with every now and then~ Thank you so much for handling this so wonderfully, and for granting a simple vulpix like myself this chance~ :D <3

The first in a multipart sequence born from a collaboration between myself and Foxy_Carter Foxy_Carter . Honestly, I can't even begin to describe how honored and happy I was for Carter to approach me for this~ To not only be noticed, but even asked to work on getting art together by someone as popular as him was a dream come true~ :D <3 Not to mention just how much fun it was talking and coming up with ideas together~ And while it did take a very long time to see this idea to fruition, Carter was incredibly polite and patient the whole way through, not to mention a truly wonderful companion to just chat with every now and then~ Thank you so much for handling this so wonderfully, and for granting a simple vulpix like myself this chance~ :D <3

Carter the trainer turned prey fox belongs to FoxyCarter
Art is done by Borderlessmind (https://baraag.net/@Boardmindless and https://inkbunny.net/boardmindless)
Felix the cheeky vulpix predator is mine

And vulpix is copyrighted to nintendo[/quote]"
34973	Foxynoms_-_Blaze's_Lava_Bath_Vore	"Posting a few backlogged things here! First and foremost, Blaze~

Seems you walked in on her taking a bit of a lava dip~."
35024	Strange_Magic_by_berrypunchz	
35125	Curious_Blue_by_QuangDoann	
35159	A_Thief's_Growing_Misfortune_2_-_ACT_3_by_Burhuru	"ACT 3 finally begins!!
You can grab the full thing ""HERE!"":https://burhuru.gumroad.com/l/Kobut2ACT3
Comes with a whopping 24 Pages for the main story, 6 pages of epilogue getting the all the gang back together, and a BUTTLOAD of goodies (many of them thanks to Tyre).

[b]PART 1: pool #29208[/b]
[b]PART 2 ACT 1 & 2: pool #30891[/b]"
35198	Lily's_Pit_Incident	
35607	My_naughty_adventures_at_Old_Amber_Academy_by_smolevn	
35646	Quick_Thinking_-_Poppin	
35709	Purple_rain	"by ""the-minuscule-task"":/artists/25634"
35912	minimum_GIRL_FRIEND_-_nakagami_takashi	"minimum GIRL FRIEND

Â§ßÂàÜÂâç„Å´„Å™„Çä„Åæ„Åó„Åü„ÅåÔºßÔº∑„ÅÆ„Ç±„É¢„Ç±„ÉÉ„Éà„ÅßË±äÊ∫Ä„É°„Çπ„Ç±„É¢„Åå‰∫∫Ê∞ó„Å™Êò®‰ªä„ÅÆÊµÅ„Çå„Å´ÈÄÜ„Çâ„ÅÜ„Çà„ÅÜ„Å´Â∞è„Åï„Å™„É°„Çπ„Ç±„É¢„ÄÅ„Éç„Ç∫„Éü„Å£Â®ò„Çí„É°„Ç§„É≥„Å´„Åó„ÅüÊú¨„ÇíÁô∫Ë°å„Åó„Å¶„Åä„Çä„Åæ„Åó„Åü„ÄÇ„Ç≤„Çπ„Éà‰ΩúÂÆ∂„Åï„Çì16‰∫∫„Å´„Çà„ÇãÂ∞è„Åï„ÅÑ‰Ωì„Åß„Åå„Çì„Å∞„ÇãÂΩºÂ•≥„Åü„Å°„ÇíÂ†™ËÉΩ„Åó„Å¶„Åª„Åó„ÅÑ„Å™„ÅÅ„Éª„Éª„Éª„Å®ÔºÅ„ÄÄ

‚ñ†„Ç¢„É™„Çπ„Éñ„ÉÉ„ÇØ„Çπ
http://alice-books.com/item/show/254-24

„Åæ„Å†Âú®Â∫´„ÅåÂ∞ë„Åó„ÅÇ„Çã„ÅÆ„ÅßÂÆ£‰ºù„Åï„Åõ„Å¶„ÅÑ„Åü„Å†„Åç„Åæ„Åó„ÅüÔΩó"
35997	Loona_Date_Night_by_Elzzombie	
36196	As_the_User_commands:_1	"A comic on Aerial combat, based inside a match of war thunder (specifically warthunder, no historical setting here.)

This is the start of a project I have in mind, these pilots didn't spawn out of thin air, they had lives before all this started.
"
36317	Mumu_Age_Progression_-_mumu202	
36392	Rick's_Hitchhiking_Adventure	
36467	Wisp_stuck_in_the_door	Wisp gets stuck in your orbiter door, wyd?
36525	Milkbarn_Revenge	A comic by Vir-no-Vigoratus, commissioned by Egger
36532	Umbreon_Sketches_by_Cooliehigh	
36626	MLP:_Me_&_Nihashi_(pia-sama_sama)	
36872	Daddy_and_Son_Shenanigans_by_Avalath_Tiger	
37038	Cody's_Day_Out_-_aogami	
37099	Ganondorf_x_Lynel	ganon being used as a fleshlight by a lynel.
37208	Cooking_Up_Some_Plans_by_Fuf	"""A Soothing Night In The Park"":https://e621.net/pools/27080/
 ""Alister's Lesson "":https://e621.net/pools/36361/
""The Start Of Something New"":https://e621.net/pools/36303/
""The Big News"":https://e621.net/pools/36301/
""A Little Encouragement"":https://e621.net/pools/36285/
""A Friend With Benefits"":https://e621.net/pools/36187
""A Night to Celebrate"":https://e621.net/pools/36168/
 Cooking Up Some Plans"
37562	Kinky_Owls_Vol._1	"Made by {{rozalid}}, [i]Kinky Owls[/i] compiles free NSFW quickie comics about anthropomorphic owls enjoying their kinks. Be advised that is features [b]pornographic content[/b] for ADULTS ONLY (18+), not to be put in just anyone's hands.
This first volume will feature the following kinks (list not in order): 
- Bondage. ‚úÖ
- Masochism.
- Cumshot.
- Going wild. ‚¨ÖÔ∏è
- Voyeurism.

You can see more on my ""Telegram NSFW Arts Channel"":https://t.me/+6lyXXxFBbmI2YjI0 , with pages posted in advance.

[sub]--
IMPORTANT INFOS:
üîû All characters featured in my work are adults. My work is targeting ADULTS ONLY, does not suit for minors. üîû
Comic sand characters featured in belongs to Rozalid
Those comics are self-published works.
PLEASE DO NOT STEAL, RESPOST, RESALE OR REPRODUCE THIS WORK.[/sub]

""Fur Affinity"":https://www.furaffinity.net/user/rozalid | ""Gumroad"":https://rozalid.gumroad.com/ | ""Telegram Art Channel"":https://t.me/+6lyXXxFBbmI2YjI0"
37590	PCA_Autumn_Festival_(Fuze)	
37685	Angel_by_Renabu	All of Renabu's drawings of [[Angel (Lilo and Stitch)|Angel (Experiment 624)]] posted on November 2, 2023, plus a [[color edit]] by [[RisenHentaiDemon]] of the last drawing in the series posted on December 29, 2023.
37872	Operation_Onaho_by_gabobon05	"Last pages added
"
37930	Unnamed_SaintMonstre_comic	
38140	New_life_in_cargo_hold_4-B	
38459	Binocular_Doe_Artworks	"A collection of artworks using Jeffusherb's OC, ""Binocular Doe"" "
38473	Squat_Malfunction_by_Orange_Bongo	
38509	Adalfyre's_Dinovember	
38778	Lopunny_Haircut_(saltyxodium)	
38796	Fifty-year-old_ass_on_fire_series	
38947	Hot_Bird_Summer_by_Sexotheque	"Comic by [[Sexotheque]] originally posted to the artist's ""Patreon"":https://www.patreon.com/morshmarter."
39011	Goetia_Pectus_Incrementum_by_NokamiWD	"Envious of others, Octavia tries to get a boost to her confidence with the help of one of her dad's grimoires.

Other socials: https://nokamiwd.carrd.co
Ko-Fi: ko-fi.com/nokamiwd
Commissions: https://forms.gle/FtT9eSNTx4XiYbiA8
SubscribeStar: https://subscribestar.adult/nokamiwd"
39075	Nick's_birthday_present_from_Judy	Judy promised Nick to do whatever he wanted on his birthday...and she plans to keep it.
39139	The_Backrooms_(by_2DLiquid)	
39163	Home_Invasion_-_by_enginetrap	
39177	Gummy_Girl_vs._Horsecock_-_Lech_Lewds	
39265	Deliver_Justice_by_87	
39297	Princess_x_Horse_-_BunBunMuffins	
39315	Can_I_Take_a_Seat?_by_Zomboyde	
39409	Silly_Souls_by_Kawa_Kir	"A pixel art animated panel-by-panel comic created by ""Kawa_Kir"":https://e621.net/users/509274 and ""Pinscher_5D"":https://e621.net/artists/75418"
39482	A_Prisoner_of_Wu	Comic by trapdiaper 
39542	intersex_latex_Tf_Sequence	
39548	Beastars_-_Signs_of_Love_(Taiarts)	"Another piece of fanart based on ""TherapyBear's 'Signs of Nature'"":https://archiveofourown.org/works/27865614/chapters/68226742 - Legoshi kissing both of his partners because gosh darn it he will, he must!"
39584	Sunspot_fun_by_Jackofak	Sunspot having some fun.
39648	Crisis_Ch1	Crisis is the newest nsfw gay comic Samaraka is working on, its going to be much bigger and more story focused with it having action, intimate moments, and superheroes/villains. He is also aiming for a sequel in the future.
39677	Hypnotize_Gardevoir_Line	
39682	Wolf_Girl_Sleep_Molestation_-_yokappa	
39697	‚ÄúNight_Stream‚Äù_by_Phluks_and_ThaliaTaiga	
39734	Family_Therapy_(Aogami)_(2015)	"""Family Therapy"" TF commission from 2015, by Aogami"
39842	Prank_for_Prank_by_Kilinah	
39914	Late_Night_Artist_by_Carlos_Jurado_Cartoons	
40065	MLP:_Pageantry_(thebigbadwolf01)	
