tag,user
princess_cadance_(mlp),104391
kissing,107506
fully_sheathed,110271
non-mammal_navel,1110514
l3-37,1132044
huge_balls,1169304
shorts,119687
mario_bros,128310
christmas,1288971
mostly_nude,13065
digital_drawing_(artwork),140685
flaming_tail,1589473
marine_humanoid,161147
red_panda,161147
ossicone,162007
lips,16311
looking_at_another,16883
overweight_gynomorph,1722805
sometimessmuthappens,1722805
drunk_bubble,174381
brothel,17850
stealing,17850
basil_(disney),183796
yellow_fur,18776
hyper,187929
purple_bottomwear,197822
zomibom,208281
from_behind_position,217519
slit_penetration,217519
were,224736
humanoid_pussy,226841
red_panda,23002
berry,244704
broken,244704
bonnet,251593
koopa,2546
reptilian_orbit,268624
empty_eyes,272208
white_shirt,292476
sweaty_back,298932
tail_tuft,304358
larger_female,341241
white_background,347251
white_skin,347251
toe_claws,353021
peko,362197
two_tone_fur,38571
equestrian,389407
vaginal_penetration,405548
skinny_male,408693
cum,417600
naga,417600
membranous_wings,426565
slightly_chubby,43596
denim_clothing,449530
equine_genitalia,49990
mustelid,5129
grin,521406
emiiz,531501
holding_leash,531501
marine_humanoid,54760
tapestry,55747
colored,5760
3:4,586672
rukifox,596267
tongue,621476
scales,66065
chain,683136
cookie,683136
cum_on_penis,734179
hyper_penis,799004
saliva_on_penis,799004
anthro_penetrating_anthro,830129
floor,859938
perineum,904351
cheek_tuft,9391
husky,939619
shi_nominmin,939619
pink_background,994484
